-- phpMyAdmin SQL Dump
-- version 5.2.0
-- https://www.phpmyadmin.net/
--
-- 主機： localhost
-- 產生時間： 2023 年 10 月 27 日 00:59
-- 伺服器版本： 10.3.27-MariaDB-0+deb10u1
-- PHP 版本： 7.3.27-1~deb10u1

SET SQL_MODE = "NO_AUTO_VALUE_ON_ZERO";
START TRANSACTION;
SET time_zone = "+00:00";


/*!40101 SET @OLD_CHARACTER_SET_CLIENT=@@CHARACTER_SET_CLIENT */;
/*!40101 SET @OLD_CHARACTER_SET_RESULTS=@@CHARACTER_SET_RESULTS */;
/*!40101 SET @OLD_COLLATION_CONNECTION=@@COLLATION_CONNECTION */;
/*!40101 SET NAMES utf8mb4 */;

--
-- 資料庫： `lottery`
--

-- --------------------------------------------------------

--
-- 資料表結構 `gifts`
--

CREATE TABLE `gifts` (
  `id` int(11) NOT NULL,
  `groups` tinyint(1) NOT NULL DEFAULT 1,
  `name` varchar(255) COLLATE utf8mb4_unicode_ci NOT NULL,
  `amount` int(11) NOT NULL,
  `status` tinyint(4) NOT NULL DEFAULT 1
) ENGINE=InnoDB DEFAULT CHARSET=utf8mb4 COLLATE=utf8mb4_unicode_ci;

--
-- 傾印資料表的資料 `gifts`
--

INSERT INTO `gifts` (`id`, `groups`, `name`, `amount`, `status`) VALUES
(1, 1, 'Gogoro VIVA Basic (白)', 1, 1),
(2, 1, 'iphone 14 pro 256G (深紫色)', 1, 1),
(3, 1, 'SONY Playstaion PS5 (光碟版)', 1, 1),
(4, 1, 'Apple 第六代 iPad mini 8.3 吋 64G WiFi 太空灰(64G WIFI版)', 1, 1),
(5, 1, 'Dyson Supersonic™ HD08 吹風機 桃紅色', 1, 1),
(6, 1, 'Marshall Uxbridge with Google Assistant 智慧喇叭 - 經典白/黑', 3, 1),
(7, 1, '【Philips 飛利浦】Sonicare DC Smart\n 鑽石靚白智能音波震動牙刷/電動牙刷-晶鑽白(HX9924/02)', 3, 1),
(8, 1, 'APPLE WATCH SE', 3, 1),
(9, 1, '任天堂 Nintendo Switch', 2, 1),
(10, 1, 'Xiaomi 空氣淨化器 4 Pro', 2, 1),
(11, 1, 'AirPods (第 3 代)', 4, 1),
(12, 1, '【飛利浦 PHILIPS】熱穿透氣旋數位小白-健康氣炸鍋4.1L(HD9252/01)', 2, 1),
(13, 1, '新光三越禮券', 10, 1),
(14, 1, 'Panasonic 國際牌38公升電烤箱 NB-H3801', 5, 1),
(15, 1, 'HomePod mini', 11, 1),
(16, 1, '小米便攜相片印表機', 10, 1),
(17, 1, 'APPLE MagSafe 充電器', 10, 1),
(24, 2, '1000', 2, 1),
(25, 2, '3000', 1, 1),
(26, 2, '1000', 3, 1),
(27, 2, '5000', 13, 1),
(28, 3, '5000', 13, 1),
(29, 3, '6000', 12, 1),
(30, 3, '8000', 6, 1),
(31, 3, '10000', 9, 1),
(32, 3, '12000', 3, 1),
(33, 3, '15000', 1, 1),
(34, 3, '20000', 1, 1),
(35, 3, '4000', 25, 1),
(36, 4, '15000', 1, 1),
(37, 5, '8000', 1, 1),
(38, 5, '10000', 1, 1),
(39, 5, '12000', 1, 1),
(40, 5, '15000', 1, 1),
(41, 5, '20000', 1, 1),
(42, 5, '8000', 6, 1),
(43, 5, '10000', 1, 1),
(44, 5, '10000', 1, 1),
(45, 5, '8000', 1, 1),
(46, 5, '10000', 1, 1),
(47, 5, '10000', 9, 1),
(48, 5, '8000', 10, 1),
(49, 5, '10000 (翊凌)', 1, 1),
(50, 5, '10000', 7, 1);

-- --------------------------------------------------------

--
-- 資料表結構 `members`
--

CREATE TABLE `members` (
  `id` int(11) NOT NULL,
  `name` varchar(255) COLLATE utf8mb4_unicode_ci NOT NULL,
  `status` tinyint(4) NOT NULL DEFAULT 1
) ENGINE=InnoDB DEFAULT CHARSET=utf8mb4 COLLATE=utf8mb4_unicode_ci;

--
-- 傾印資料表的資料 `members`
--

INSERT INTO `members` (`id`, `name`, `status`) VALUES
(1, 'Yvonne', 1),
(2, 'Denise', 1),
(3, 'Vivian', 1),
(4, 'Livia', 1),
(5, 'Edward', 1),
(6, 'Shirley', 1),
(7, 'Paul', 1),
(8, 'Jamie', 1),
(9, 'Susu', 1),
(10, 'Eric', 1),
(11, 'Hank', 1),
(12, 'Victor', 1),
(13, 'Barry', 1),
(14, 'Kos', 1),
(15, 'Joy', 1),
(16, 'Mei', 1),
(17, 'Yan', 1),
(18, 'Patty', 1),
(19, 'CK', 1),
(20, 'Jean', 1),
(21, 'Sam', 1),
(22, 'Marco', 1),
(23, 'Luna', 1),
(24, 'Chloe', 1),
(25, 'Janet', 1),
(26, 'William', 1),
(27, 'Austin', 1),
(28, 'Alan', 1),
(29, 'Andy', 1),
(30, 'Roland', 1),
(31, 'Shun', 1),
(32, 'Richard', 1),
(33, 'Hannah', 1),
(34, 'Janus', 1),
(35, 'Kason', 1),
(36, 'Jason(楊)', 1),
(37, 'Jerome', 1),
(38, 'Lion', 1),
(39, 'Edward(阿度)', 1),
(40, 'Sindia', 1),
(41, 'Benson', 1),
(42, 'Nicky', 1),
(43, 'Kai', 1),
(44, 'Jassi', 1),
(45, 'Peggy', 1),
(46, 'Trina', 1),
(47, 'Ray', 1),
(48, 'Mike', 1),
(49, 'Jeffery', 1),
(50, 'Max', 1),
(51, 'Jacky', 1),
(52, 'Pony', 1),
(53, 'Patrick', 1),
(54, 'Frank', 1),
(55, 'Abner', 1),
(56, 'Jason', 1),
(57, 'Ricky', 1),
(58, 'Aaron', 1),
(59, 'Aaron(李)', 1),
(60, 'Danny', 1),
(61, 'Carol', 1),
(62, 'Linda', 1),
(63, 'Leo', 1),
(64, 'Wemin', 1),
(65, 'Ting', 1),
(66, 'Damon', 1),
(67, 'Howard', 1),
(68, 'Malclom', 1),
(69, 'Chris', 1),
(70, 'Jeff', 1);

-- --------------------------------------------------------

--
-- 資料表結構 `records`
--

CREATE TABLE `records` (
  `id` int(11) NOT NULL,
  `groups` int(11) NOT NULL,
  `gift_id` int(11) NOT NULL,
  `member_id` int(11) NOT NULL,
  `time` timestamp(3) NOT NULL DEFAULT current_timestamp(3),
  `status` tinyint(4) NOT NULL DEFAULT 1
) ENGINE=InnoDB DEFAULT CHARSET=utf8mb4 COLLATE=utf8mb4_unicode_ci;

--
-- 傾印資料表的資料 `records`
--

INSERT INTO `records` (`id`, `groups`, `gift_id`, `member_id`, `time`, `status`) VALUES
(41, 1, 17, 21, '2022-12-02 10:32:17.167', 0),
(42, 1, 17, 45, '2022-12-02 10:32:17.171', 0),
(43, 1, 17, 5, '2022-12-02 10:32:17.173', 0),
(44, 1, 17, 18, '2022-12-02 10:32:17.176', 0),
(45, 1, 17, 32, '2022-12-02 10:32:17.179', 0),
(46, 1, 17, 37, '2022-12-02 10:32:17.183', 0),
(47, 1, 17, 55, '2022-12-02 10:32:17.186', 0),
(48, 1, 17, 34, '2022-12-02 10:32:17.192', 0),
(49, 1, 17, 69, '2022-12-02 10:32:17.194', 0),
(50, 1, 17, 33, '2022-12-02 10:32:17.197', 0),
(51, 1, 16, 15, '2022-12-02 10:38:20.450', 0),
(52, 1, 16, 47, '2022-12-02 10:38:20.453', 0),
(53, 1, 16, 61, '2022-12-02 10:38:20.455', 0),
(54, 1, 16, 39, '2022-12-02 10:38:20.458', 0),
(55, 1, 16, 46, '2022-12-02 10:38:20.460', 0),
(56, 1, 16, 36, '2022-12-02 10:38:20.463', 0),
(57, 1, 16, 40, '2022-12-02 10:38:20.467', 0),
(58, 1, 16, 13, '2022-12-02 10:38:20.470', 0),
(59, 1, 16, 6, '2022-12-02 10:38:20.472', 0),
(60, 1, 16, 28, '2022-12-02 10:38:20.476', 0),
(61, 1, 15, 14, '2022-12-02 10:38:33.473', 0),
(62, 1, 15, 56, '2022-12-02 10:38:33.476', 0),
(63, 1, 15, 54, '2022-12-02 10:38:33.480', 0),
(64, 1, 15, 58, '2022-12-02 10:38:33.484', 0),
(65, 1, 15, 17, '2022-12-02 10:38:33.486', 0),
(66, 1, 15, 22, '2022-12-02 10:38:33.488', 0),
(67, 1, 15, 38, '2022-12-02 10:38:33.491', 0),
(68, 1, 15, 35, '2022-12-02 10:38:33.493', 0),
(69, 1, 15, 1, '2022-12-02 10:38:33.496', 0),
(70, 1, 15, 64, '2022-12-02 10:38:33.498', 0),
(71, 1, 15, 53, '2022-12-02 10:38:33.500', 0),
(72, 1, 14, 27, '2022-12-02 10:38:43.231', 0),
(73, 1, 14, 2, '2022-12-02 10:38:43.234', 0),
(74, 1, 14, 67, '2022-12-02 10:38:43.236', 0),
(75, 1, 14, 59, '2022-12-02 10:38:43.239', 0),
(76, 1, 14, 26, '2022-12-02 10:38:43.242', 0),
(77, 1, 13, 52, '2022-12-02 10:38:51.052', 0),
(78, 1, 13, 8, '2022-12-02 10:38:51.055', 0),
(79, 1, 13, 42, '2022-12-02 10:38:51.058', 0),
(80, 1, 13, 29, '2022-12-02 10:38:51.060', 0),
(81, 1, 13, 51, '2022-12-02 10:38:51.063', 0),
(82, 1, 13, 43, '2022-12-02 10:38:51.066', 0),
(83, 1, 13, 4, '2022-12-02 10:38:51.068', 0),
(84, 1, 13, 50, '2022-12-02 10:38:51.072', 0),
(85, 1, 13, 65, '2022-12-02 10:38:51.075', 0),
(86, 1, 13, 7, '2022-12-02 10:38:51.078', 0),
(87, 1, 12, 31, '2022-12-02 10:39:00.554', 0),
(88, 1, 12, 20, '2022-12-02 10:39:00.559', 0),
(89, 1, 11, 68, '2022-12-02 10:39:08.146', 0),
(90, 1, 11, 49, '2022-12-02 10:39:08.149', 0),
(91, 1, 11, 10, '2022-12-02 10:39:08.151', 0),
(92, 1, 11, 24, '2022-12-02 10:39:08.155', 0),
(93, 1, 10, 57, '2022-12-02 10:39:12.514', 0),
(94, 1, 10, 66, '2022-12-02 10:39:12.518', 0),
(95, 1, 9, 62, '2022-12-02 10:39:16.900', 0),
(96, 1, 9, 70, '2022-12-02 10:39:16.906', 0),
(97, 1, 8, 30, '2022-12-02 10:39:20.063', 0),
(98, 1, 8, 19, '2022-12-02 10:39:20.066', 0),
(99, 1, 8, 60, '2022-12-02 10:39:20.069', 0),
(100, 1, 7, 48, '2022-12-02 10:39:24.327', 0),
(101, 1, 7, 63, '2022-12-02 10:39:24.330', 0),
(102, 1, 7, 41, '2022-12-02 10:39:24.333', 0),
(103, 1, 6, 16, '2022-12-02 10:39:27.751', 0),
(104, 1, 6, 11, '2022-12-02 10:39:27.755', 0),
(105, 1, 6, 9, '2022-12-02 10:39:27.758', 0),
(106, 1, 5, 3, '2022-12-02 10:39:30.758', 0),
(107, 1, 4, 23, '2022-12-02 10:39:33.784', 0),
(108, 1, 3, 25, '2022-12-02 10:39:36.672', 0),
(109, 1, 2, 12, '2022-12-02 10:39:40.381', 0),
(110, 1, 1, 44, '2022-12-02 10:39:43.489', 0),
(111, 1, 14, 49, '2022-12-05 02:16:41.521', 0),
(112, 1, 14, 50, '2022-12-05 02:16:41.566', 0),
(113, 1, 14, 58, '2022-12-05 02:16:41.570', 0),
(114, 1, 14, 51, '2022-12-05 02:16:41.572', 0),
(115, 1, 14, 46, '2022-12-05 02:16:41.574', 0),
(116, 1, 17, 15, '2022-12-05 02:23:18.408', 0),
(117, 1, 17, 29, '2022-12-05 02:23:18.414', 0),
(118, 1, 17, 47, '2022-12-05 02:23:18.419', 0),
(119, 1, 17, 63, '2022-12-05 02:23:18.435', 0),
(120, 1, 17, 67, '2022-12-05 02:23:18.440', 0),
(121, 1, 17, 43, '2022-12-05 02:23:18.444', 0),
(122, 1, 17, 8, '2022-12-05 02:23:18.449', 0),
(123, 1, 17, 32, '2022-12-05 02:23:18.452', 0),
(124, 1, 17, 53, '2022-12-05 02:23:18.455', 0),
(125, 1, 17, 66, '2022-12-05 02:23:18.459', 0),
(126, 1, 15, 44, '2022-12-05 06:19:41.392', 0),
(127, 1, 15, 10, '2022-12-05 06:19:41.402', 0),
(128, 1, 15, 48, '2022-12-05 06:19:41.407', 0),
(129, 1, 15, 34, '2022-12-05 06:19:41.418', 0),
(130, 1, 15, 38, '2022-12-05 06:19:41.423', 0),
(131, 1, 15, 56, '2022-12-05 06:19:41.427', 0),
(132, 1, 15, 33, '2022-12-05 06:19:41.434', 0),
(133, 1, 15, 13, '2022-12-05 06:19:41.441', 0),
(134, 1, 15, 23, '2022-12-05 06:19:41.444', 0),
(135, 1, 15, 65, '2022-12-05 06:19:41.447', 0),
(136, 1, 15, 28, '2022-12-05 06:19:41.451', 0),
(137, 1, 17, 42, '2022-12-05 06:22:08.341', 0),
(138, 1, 17, 39, '2022-12-05 06:22:08.346', 0),
(139, 1, 17, 51, '2022-12-05 06:22:08.349', 0),
(140, 1, 17, 58, '2022-12-05 06:22:08.355', 0),
(141, 1, 17, 36, '2022-12-05 06:22:08.359', 0),
(142, 1, 17, 57, '2022-12-05 06:22:08.362', 0),
(143, 1, 17, 38, '2022-12-05 06:22:08.368', 0),
(144, 1, 17, 1, '2022-12-05 06:22:08.371', 0),
(145, 1, 17, 67, '2022-12-05 06:22:08.374', 0),
(146, 1, 17, 21, '2022-12-05 06:22:08.378', 0),
(147, 2, 24, 61, '2022-12-05 06:36:35.909', 0),
(148, 2, 24, 17, '2022-12-05 06:36:35.914', 0),
(149, 1, 17, 49, '2022-12-09 06:06:11.909', 0),
(150, 1, 17, 6, '2022-12-09 06:06:11.943', 0),
(151, 1, 17, 21, '2022-12-09 06:06:11.951', 0),
(152, 1, 17, 70, '2022-12-09 06:06:11.957', 0),
(153, 1, 17, 48, '2022-12-09 06:06:11.963', 0),
(154, 1, 17, 57, '2022-12-09 06:06:11.968', 0),
(155, 1, 17, 32, '2022-12-09 06:06:11.971', 0),
(156, 1, 17, 45, '2022-12-09 06:06:11.976', 0),
(157, 1, 17, 59, '2022-12-09 06:06:11.980', 0),
(158, 1, 17, 30, '2022-12-09 06:06:11.986', 0),
(159, 1, 16, 34, '2022-12-09 06:06:46.740', 0),
(160, 1, 16, 28, '2022-12-09 06:06:46.745', 0),
(161, 1, 16, 9, '2022-12-09 06:06:46.750', 0),
(162, 1, 16, 69, '2022-12-09 06:06:46.753', 0),
(163, 1, 16, 15, '2022-12-09 06:06:46.756', 0),
(164, 1, 16, 56, '2022-12-09 06:06:46.760', 0),
(165, 1, 16, 8, '2022-12-09 06:06:46.763', 0),
(166, 1, 16, 53, '2022-12-09 06:06:46.766', 0),
(167, 1, 16, 27, '2022-12-09 06:06:46.768', 0),
(168, 1, 16, 7, '2022-12-09 06:06:46.771', 0),
(169, 1, 17, 20, '2022-12-09 06:07:27.994', 0),
(170, 1, 17, 62, '2022-12-09 06:07:28.002', 0),
(171, 1, 17, 37, '2022-12-09 06:07:28.007', 0),
(172, 1, 17, 2, '2022-12-09 06:07:28.012', 0),
(173, 1, 17, 23, '2022-12-09 06:07:28.016', 0),
(174, 1, 17, 50, '2022-12-09 06:07:28.020', 0),
(175, 1, 17, 53, '2022-12-09 06:07:28.024', 0),
(176, 1, 17, 12, '2022-12-09 06:07:28.027', 0),
(177, 1, 17, 21, '2022-12-09 06:07:28.030', 0),
(178, 1, 17, 59, '2022-12-09 06:07:28.033', 0),
(179, 1, 17, 33, '2022-12-09 06:08:11.144', 0),
(180, 1, 17, 28, '2022-12-09 06:08:11.149', 0),
(181, 1, 17, 50, '2022-12-09 06:08:11.154', 0),
(182, 1, 17, 38, '2022-12-09 06:08:11.157', 0),
(183, 1, 17, 37, '2022-12-09 06:08:11.160', 0),
(184, 1, 17, 65, '2022-12-09 06:08:11.163', 0),
(185, 1, 17, 48, '2022-12-09 06:08:11.167', 0),
(186, 1, 17, 17, '2022-12-09 06:08:11.169', 0),
(187, 1, 17, 58, '2022-12-09 06:08:11.172', 0),
(188, 1, 17, 14, '2022-12-09 06:08:11.176', 0),
(189, 1, 16, 42, '2022-12-09 06:08:29.145', 0),
(190, 1, 16, 32, '2022-12-09 06:08:29.149', 0),
(191, 1, 16, 51, '2022-12-09 06:08:29.153', 0),
(192, 1, 16, 1, '2022-12-09 06:08:29.156', 0),
(193, 1, 16, 47, '2022-12-09 06:08:29.160', 0),
(194, 1, 16, 21, '2022-12-09 06:08:29.164', 0),
(195, 1, 16, 49, '2022-12-09 06:08:29.168', 0),
(196, 1, 16, 41, '2022-12-09 06:08:29.171', 0),
(197, 1, 16, 44, '2022-12-09 06:08:29.177', 0),
(198, 1, 16, 39, '2022-12-09 06:08:29.180', 0),
(199, 1, 15, 68, '2022-12-09 06:08:55.025', 0),
(200, 1, 15, 7, '2022-12-09 06:08:55.030', 0),
(201, 1, 15, 4, '2022-12-09 06:08:55.039', 0),
(202, 1, 15, 55, '2022-12-09 06:08:55.045', 0),
(203, 1, 15, 2, '2022-12-09 06:08:55.049', 0),
(204, 1, 15, 43, '2022-12-09 06:08:55.053', 0),
(205, 1, 15, 61, '2022-12-09 06:08:55.059', 0),
(206, 1, 15, 25, '2022-12-09 06:08:55.063', 0),
(207, 1, 15, 13, '2022-12-09 06:08:55.067', 0),
(208, 1, 15, 30, '2022-12-09 06:08:55.071', 0),
(209, 1, 15, 60, '2022-12-09 06:08:55.090', 0),
(210, 2, 26, 33, '2022-12-09 06:10:03.924', 0),
(211, 2, 26, 39, '2022-12-09 06:10:03.928', 0),
(212, 2, 26, 35, '2022-12-09 06:10:03.931', 0),
(213, 1, 14, 69, '2022-12-09 07:02:52.581', 0),
(214, 1, 14, 6, '2022-12-09 07:02:52.584', 0),
(215, 1, 14, 31, '2022-12-09 07:02:52.589', 0),
(253, 1, 17, 55, '2022-12-11 09:29:29.400', 1),
(254, 1, 17, 11, '2022-12-11 09:29:29.416', 1),
(255, 1, 17, 42, '2022-12-11 09:29:29.420', 1),
(256, 1, 17, 33, '2022-12-11 09:29:29.424', 1),
(257, 1, 17, 58, '2022-12-11 09:29:29.448', 1),
(258, 1, 17, 29, '2022-12-11 09:29:29.452', 1),
(259, 1, 17, 9, '2022-12-11 09:29:29.455', 1),
(260, 1, 17, 53, '2022-12-11 09:29:29.459', 1),
(261, 1, 17, 4, '2022-12-11 09:29:29.462', 1),
(262, 1, 17, 7, '2022-12-11 09:29:29.465', 1),
(263, 1, 16, 45, '2022-12-11 09:32:03.864', 1),
(264, 1, 16, 68, '2022-12-11 09:32:03.869', 1),
(265, 1, 16, 57, '2022-12-11 09:32:03.872', 1),
(266, 1, 16, 6, '2022-12-11 09:32:03.875', 1),
(267, 1, 16, 67, '2022-12-11 09:32:03.877', 1),
(268, 1, 16, 1, '2022-12-11 09:32:03.879', 1),
(269, 1, 16, 40, '2022-12-11 09:32:03.882', 1),
(270, 1, 16, 66, '2022-12-11 09:32:03.884', 1),
(271, 1, 16, 37, '2022-12-11 09:32:03.886', 1),
(272, 1, 16, 47, '2022-12-11 09:32:03.889', 1),
(273, 1, 15, 44, '2022-12-11 09:33:10.992', 1),
(274, 1, 15, 60, '2022-12-11 09:33:10.996', 1),
(275, 1, 15, 28, '2022-12-11 09:33:11.001', 1),
(276, 1, 15, 50, '2022-12-11 09:33:11.004', 1),
(277, 1, 15, 51, '2022-12-11 09:33:11.007', 1),
(278, 1, 15, 23, '2022-12-11 09:33:11.009', 1),
(279, 1, 15, 61, '2022-12-11 09:33:11.012', 1),
(280, 1, 15, 8, '2022-12-11 09:33:11.015', 1),
(281, 1, 15, 39, '2022-12-11 09:33:11.017', 1),
(282, 1, 15, 62, '2022-12-11 09:33:11.019', 1),
(283, 1, 15, 3, '2022-12-11 09:33:11.022', 1),
(284, 1, 14, 22, '2022-12-11 09:34:21.136', 1),
(285, 1, 14, 70, '2022-12-11 09:34:21.139', 1),
(286, 1, 14, 69, '2022-12-11 09:34:21.142', 1),
(287, 1, 14, 41, '2022-12-11 09:34:21.143', 1),
(288, 1, 14, 31, '2022-12-11 09:34:21.145', 1),
(289, 1, 13, 49, '2022-12-11 09:35:18.326', 1),
(290, 1, 13, 5, '2022-12-11 09:35:18.329', 1),
(291, 1, 13, 64, '2022-12-11 09:35:18.331', 1),
(292, 1, 13, 14, '2022-12-11 09:35:18.334', 1),
(293, 1, 13, 21, '2022-12-11 09:35:18.337', 1),
(294, 1, 13, 56, '2022-12-11 09:35:18.340', 1),
(295, 1, 13, 2, '2022-12-11 09:35:18.342', 1),
(296, 1, 13, 36, '2022-12-11 09:35:18.345', 1),
(297, 1, 13, 30, '2022-12-11 09:35:18.347', 1),
(298, 1, 13, 43, '2022-12-11 09:35:18.350', 1),
(299, 1, 12, 26, '2022-12-11 09:36:26.820', 1),
(300, 1, 12, 16, '2022-12-11 09:36:26.824', 1),
(301, 1, 11, 19, '2022-12-11 09:37:07.881', 1),
(302, 1, 11, 20, '2022-12-11 09:37:07.890', 1),
(303, 1, 11, 38, '2022-12-11 09:37:07.896', 1),
(304, 1, 11, 15, '2022-12-11 09:37:07.902', 1),
(305, 1, 10, 18, '2022-12-11 09:38:00.590', 1),
(306, 1, 10, 24, '2022-12-11 09:38:00.600', 1),
(307, 1, 9, 13, '2022-12-11 09:38:34.187', 1),
(308, 1, 9, 25, '2022-12-11 09:38:34.191', 1),
(309, 1, 8, 52, '2022-12-11 09:39:17.887', 1),
(310, 1, 8, 59, '2022-12-11 09:39:17.891', 1),
(311, 1, 8, 46, '2022-12-11 09:39:17.895', 1),
(312, 1, 7, 35, '2022-12-11 09:40:03.007', 1),
(313, 1, 7, 34, '2022-12-11 09:40:03.012', 1),
(314, 1, 7, 54, '2022-12-11 09:40:03.015', 1),
(315, 1, 6, 63, '2022-12-11 09:40:51.688', 1),
(316, 1, 6, 48, '2022-12-11 09:40:51.692', 1),
(317, 1, 6, 10, '2022-12-11 09:40:51.695', 1),
(318, 1, 5, 27, '2022-12-11 09:41:41.884', 1),
(319, 1, 4, 12, '2022-12-11 09:42:20.997', 1),
(320, 2, 24, 22, '2022-12-11 10:29:40.701', 1),
(321, 2, 24, 65, '2022-12-11 10:29:40.706', 1),
(322, 2, 27, 23, '2022-12-11 10:30:07.405', 1),
(323, 2, 27, 70, '2022-12-11 10:30:07.423', 1),
(324, 2, 27, 21, '2022-12-11 10:30:07.427', 1),
(325, 2, 27, 55, '2022-12-11 10:30:07.430', 1),
(326, 2, 27, 54, '2022-12-11 10:30:07.433', 1),
(327, 2, 27, 37, '2022-12-11 10:30:07.480', 1),
(328, 2, 27, 14, '2022-12-11 10:30:07.484', 1),
(329, 2, 27, 6, '2022-12-11 10:30:07.487', 1),
(330, 2, 27, 29, '2022-12-11 10:30:07.533', 1),
(331, 2, 27, 16, '2022-12-11 10:30:07.536', 1),
(332, 2, 27, 34, '2022-12-11 10:30:07.540', 1),
(333, 2, 27, 45, '2022-12-11 10:30:07.546', 1),
(334, 2, 27, 11, '2022-12-11 10:30:07.589', 1),
(335, 1, 3, 17, '2022-12-11 11:27:58.210', 1),
(336, 1, 2, 65, '2022-12-11 11:29:34.883', 1),
(337, 1, 1, 32, '2022-12-11 11:30:43.524', 1),
(338, 3, 28, 5, '2022-12-11 12:08:26.041', 1),
(339, 3, 28, 32, '2022-12-11 12:08:26.046', 1),
(340, 3, 28, 19, '2022-12-11 12:08:26.049', 1),
(341, 3, 28, 57, '2022-12-11 12:08:26.051', 1),
(342, 3, 28, 40, '2022-12-11 12:08:26.054', 1),
(343, 3, 28, 48, '2022-12-11 12:08:26.057', 1),
(344, 3, 28, 39, '2022-12-11 12:08:26.059', 1),
(345, 3, 28, 50, '2022-12-11 12:08:26.071', 1),
(346, 3, 28, 10, '2022-12-11 12:08:26.078', 1),
(347, 3, 28, 43, '2022-12-11 12:08:26.080', 1),
(348, 3, 28, 66, '2022-12-11 12:08:26.084', 1),
(349, 3, 28, 26, '2022-12-11 12:08:26.088', 1),
(350, 3, 28, 22, '2022-12-11 12:08:26.091', 1),
(351, 3, 29, 14, '2022-12-11 12:09:24.032', 1),
(352, 3, 29, 1, '2022-12-11 12:09:24.035', 1),
(353, 3, 29, 49, '2022-12-11 12:09:24.038', 1),
(354, 3, 29, 65, '2022-12-11 12:09:24.041', 1),
(355, 3, 29, 25, '2022-12-11 12:09:24.043', 1),
(356, 3, 29, 12, '2022-12-11 12:09:24.047', 1),
(357, 3, 29, 60, '2022-12-11 12:09:24.050', 1),
(358, 3, 29, 29, '2022-12-11 12:09:24.051', 1),
(359, 3, 29, 24, '2022-12-11 12:09:24.054', 1),
(360, 3, 29, 28, '2022-12-11 12:09:24.058', 1),
(361, 3, 29, 45, '2022-12-11 12:09:24.060', 1),
(362, 3, 29, 64, '2022-12-11 12:09:24.063', 1),
(363, 3, 30, 68, '2022-12-11 12:10:14.418', 1),
(364, 3, 30, 6, '2022-12-11 12:10:14.422', 1),
(365, 3, 30, 4, '2022-12-11 12:10:14.426', 1),
(366, 3, 30, 62, '2022-12-11 12:10:14.428', 1),
(367, 3, 30, 67, '2022-12-11 12:10:14.431', 1),
(368, 3, 30, 42, '2022-12-11 12:10:14.433', 1),
(369, 3, 31, 34, '2022-12-11 12:11:12.207', 1),
(370, 3, 31, 13, '2022-12-11 12:11:12.209', 1),
(371, 3, 31, 36, '2022-12-11 12:11:12.211', 1),
(372, 3, 31, 31, '2022-12-11 12:11:12.214', 1),
(373, 3, 31, 51, '2022-12-11 12:11:12.215', 1),
(374, 3, 31, 52, '2022-12-11 12:11:12.218', 1),
(375, 3, 31, 30, '2022-12-11 12:11:12.219', 1),
(376, 3, 31, 11, '2022-12-11 12:11:12.222', 1),
(377, 3, 31, 44, '2022-12-11 12:11:12.224', 1),
(378, 3, 32, 55, '2022-12-11 12:12:40.852', 1),
(379, 3, 32, 7, '2022-12-11 12:12:40.856', 1),
(380, 3, 32, 38, '2022-12-11 12:12:40.859', 1),
(381, 3, 33, 70, '2022-12-11 12:14:04.457', 1),
(382, 4, 36, 54, '2022-12-11 12:15:19.398', 1),
(383, 3, 34, 69, '2022-12-11 12:16:44.174', 1),
(384, 3, 35, 53, '2022-12-11 12:18:01.176', 1),
(385, 3, 35, 16, '2022-12-11 12:18:01.180', 1),
(386, 3, 35, 54, '2022-12-11 12:18:01.184', 1),
(387, 3, 35, 20, '2022-12-11 12:18:01.188', 1),
(388, 3, 35, 18, '2022-12-11 12:18:01.197', 1),
(389, 3, 35, 41, '2022-12-11 12:18:01.203', 1),
(390, 3, 35, 37, '2022-12-11 12:18:01.210', 1),
(391, 3, 35, 61, '2022-12-11 12:18:01.215', 1),
(392, 3, 35, 46, '2022-12-11 12:18:01.220', 1),
(393, 3, 35, 17, '2022-12-11 12:18:01.225', 1),
(394, 3, 35, 15, '2022-12-11 12:18:01.228', 1),
(395, 3, 35, 63, '2022-12-11 12:18:01.233', 1),
(396, 3, 35, 21, '2022-12-11 12:18:01.236', 1),
(397, 3, 35, 56, '2022-12-11 12:18:01.240', 1),
(398, 3, 35, 47, '2022-12-11 12:18:01.244', 1),
(399, 3, 35, 35, '2022-12-11 12:18:01.248', 1),
(400, 3, 35, 33, '2022-12-11 12:18:01.254', 1),
(401, 3, 35, 8, '2022-12-11 12:18:01.260', 1),
(402, 3, 35, 23, '2022-12-11 12:18:01.264', 1),
(403, 3, 35, 9, '2022-12-11 12:18:01.268', 1),
(404, 3, 35, 27, '2022-12-11 12:18:01.273', 1),
(405, 3, 35, 58, '2022-12-11 12:18:01.279', 1),
(406, 3, 35, 2, '2022-12-11 12:18:01.285', 1),
(407, 3, 35, 3, '2022-12-11 12:18:01.290', 1),
(408, 3, 35, 59, '2022-12-11 12:18:01.298', 1),
(409, 5, 37, 13, '2022-12-11 12:22:38.499', 1),
(410, 5, 38, 33, '2022-12-11 12:24:30.205', 1),
(411, 5, 39, 7, '2022-12-11 12:25:56.291', 1),
(412, 5, 40, 21, '2022-12-11 12:27:16.862', 1),
(413, 5, 41, 53, '2022-12-11 12:28:42.146', 1),
(414, 5, 43, 58, '2022-12-11 12:32:52.178', 1),
(415, 5, 44, 3, '2022-12-11 12:35:37.872', 1),
(416, 5, 42, 44, '2022-12-11 12:38:11.917', 1),
(417, 5, 42, 4, '2022-12-11 12:38:11.922', 1),
(418, 5, 42, 41, '2022-12-11 12:38:11.925', 1),
(419, 5, 42, 1, '2022-12-11 12:38:11.928', 1),
(420, 5, 42, 34, '2022-12-11 12:38:11.932', 1),
(421, 5, 42, 50, '2022-12-11 12:38:11.936', 1),
(422, 5, 47, 29, '2022-12-11 12:42:47.181', 1),
(423, 5, 47, 49, '2022-12-11 12:42:47.185', 1),
(424, 5, 47, 43, '2022-12-11 12:42:47.188', 1),
(425, 5, 47, 67, '2022-12-11 12:42:47.193', 1),
(426, 5, 47, 66, '2022-12-11 12:42:47.198', 1),
(427, 5, 47, 70, '2022-12-11 12:42:47.203', 1),
(428, 5, 47, 52, '2022-12-11 12:42:47.208', 1),
(429, 5, 47, 32, '2022-12-11 12:42:47.212', 1),
(430, 5, 47, 69, '2022-12-11 12:42:47.225', 1),
(431, 5, 46, 51, '2022-12-11 12:44:24.891', 1),
(432, 5, 49, 14, '2022-12-11 13:07:46.467', 1),
(433, 5, 48, 65, '2022-12-11 13:09:13.379', 1),
(434, 5, 48, 23, '2022-12-11 13:09:13.383', 1),
(435, 5, 48, 48, '2022-12-11 13:09:13.387', 1),
(436, 5, 48, 11, '2022-12-11 13:09:13.390', 1),
(437, 5, 48, 26, '2022-12-11 13:09:13.394', 1),
(438, 5, 48, 30, '2022-12-11 13:09:13.397', 1),
(439, 5, 48, 22, '2022-12-11 13:09:13.400', 1),
(440, 5, 48, 62, '2022-12-11 13:09:13.403', 1),
(441, 5, 48, 17, '2022-12-11 13:09:13.406', 1),
(442, 5, 48, 5, '2022-12-11 13:09:13.410', 1),
(443, 5, 50, 19, '2022-12-11 13:32:19.257', 1),
(444, 5, 50, 38, '2022-12-11 13:32:19.266', 1),
(445, 5, 50, 25, '2022-12-11 13:32:19.284', 1),
(446, 5, 50, 8, '2022-12-11 13:32:19.287', 1),
(447, 5, 50, 61, '2022-12-11 13:32:19.290', 1),
(448, 5, 50, 36, '2022-12-11 13:32:19.294', 1),
(449, 5, 50, 55, '2022-12-11 13:32:19.297', 1),
(450, 2, 25, 60, '2022-12-13 06:21:40.229', 1),
(451, 2, 26, 59, '2022-12-13 06:22:24.297', 1),
(452, 2, 26, 53, '2022-12-13 06:22:24.305', 1),
(453, 2, 26, 36, '2022-12-13 06:22:24.310', 1),
(454, 5, 45, 45, '2022-12-13 07:42:32.415', 1);

--
-- 已傾印資料表的索引
--

--
-- 資料表索引 `gifts`
--
ALTER TABLE `gifts`
  ADD PRIMARY KEY (`id`);

--
-- 資料表索引 `members`
--
ALTER TABLE `members`
  ADD PRIMARY KEY (`id`),
  ADD KEY `name` (`name`);

--
-- 資料表索引 `records`
--
ALTER TABLE `records`
  ADD PRIMARY KEY (`id`);

--
-- 在傾印的資料表使用自動遞增(AUTO_INCREMENT)
--

--
-- 使用資料表自動遞增(AUTO_INCREMENT) `gifts`
--
ALTER TABLE `gifts`
  MODIFY `id` int(11) NOT NULL AUTO_INCREMENT, AUTO_INCREMENT=51;

--
-- 使用資料表自動遞增(AUTO_INCREMENT) `members`
--
ALTER TABLE `members`
  MODIFY `id` int(11) NOT NULL AUTO_INCREMENT, AUTO_INCREMENT=71;

--
-- 使用資料表自動遞增(AUTO_INCREMENT) `records`
--
ALTER TABLE `records`
  MODIFY `id` int(11) NOT NULL AUTO_INCREMENT, AUTO_INCREMENT=455;
COMMIT;

/*!40101 SET CHARACTER_SET_CLIENT=@OLD_CHARACTER_SET_CLIENT */;
/*!40101 SET CHARACTER_SET_RESULTS=@OLD_CHARACTER_SET_RESULTS */;
/*!40101 SET COLLATION_CONNECTION=@OLD_COLLATION_CONNECTION */;
